id;nombre;apellido;correo;telefono
1;essay axe granular;defiantly corny blaring;after anti gee;into
2;midst wildly duh;qua;forenenst woefully;bah fortunately
3;out;nearly;obesity fake although;sometimes searchingly depot
4;demobilise rigidly than;allocation instantly;indeed bog royal;huzzah
5;unlike;um coolly than;sure-footed;extension for
6;word reluctantly;supposing warlike;whether furthermore similar;fidget like sidetrack
7;acidly;orchestrate extremely;amidst after;verbally
8;inquisitively convection management;gadzooks;swiftly since;superficial
9;grimy;arraign favorable sidetrack;than;astride
10;sometimes;scramble anenst;aside rightfully;brand provided unless
